Country,Region,Year,AvgCelsiusTemp,State
Argentina,South/Central America & Carribean,1995,16.500712328767126,Not EU
Argentina,South/Central America & Carribean,1996,17.061120218579234,Not EU
Argentina,South/Central America & Carribean,1997,17.302136986301374,Not EU
Argentina,South/Central America & Carribean,1998,16.534055555555543,Not EU
Argentina,South/Central America & Carribean,1999,16.5754120879121,Not EU
Argentina,South/Central America & Carribean,2000,16.88676712328768,Not EU
Argentina,South/Central America & Carribean,2001,17.410769230769223,Not EU
Argentina,South/Central America & Carribean,2002,17.226000000000013,Not EU
Argentina,South/Central America & Carribean,2003,16.624435261708,Not EU
Argentina,South/Central America & Carribean,2004,17.01420765027321,Not EU
Argentina,South/Central America & Carribean,2005,16.839780821917813,Not EU
Argentina,South/Central America & Carribean,2006,17.0488493150685,Not EU
Argentina,South/Central America & Carribean,2007,16.289697802197804,Not EU
Argentina,South/Central America & Carribean,2008,17.420027472527476,Not EU
Argentina,South/Central America & Carribean,2009,17.23052197802197,Not EU
Argentina,South/Central America & Carribean,2010,17.225863013698625,Not EU
Argentina,South/Central America & Carribean,2011,17.352821917808217,Not EU
Argentina,South/Central America & Carribean,2012,17.624945355191247,Not EU
Argentina,South/Central America & Carribean,2013,17.15624657534248,Not EU
Argentina,South/Central America & Carribean,2014,17.56306849315068,Not EU
Argentina,South/Central America & Carribean,2015,17.680796703296696,Not EU
Argentina,South/Central America & Carribean,2016,16.77462809917357,Not EU
Argentina,South/Central America & Carribean,2017,17.85438356164385,Not EU
Argentina,South/Central America & Carribean,2018,17.48597222222221,Not EU
Australia,Australia/South Pacific,1995,16.389906849315064,Not EU
Australia,Australia/South Pacific,1996,16.253315098468278,Not EU
Australia,Australia/South Pacific,1997,16.751084931506874,Not EU
Australia,Australia/South Pacific,1998,16.778259818731115,Not EU
Australia,Australia/South Pacific,1999,16.92907142857143,Not EU
Australia,Australia/South Pacific,2000,16.80577049180328,Not EU
Australia,Australia/South Pacific,2001,16.793923076923054,Not EU
Australia,Australia/South Pacific,2002,17.050166666666673,Not EU
Australia,Australia/South Pacific,2003,16.879260893546604,Not EU
Australia,Australia/South Pacific,2004,16.954726775956313,Not EU
Australia,Australia/South Pacific,2005,17.062789041095904,Not EU
Australia,Australia/South Pacific,2006,17.041665753424653,Not EU
Australia,Australia/South Pacific,2007,17.36936813186813,Not EU
Australia,Australia/South Pacific,2008,16.74263070996145,Not EU
Australia,Australia/South Pacific,2009,17.446302197802193,Not EU
Australia,Australia/South Pacific,2010,17.06341917808216,Not EU
Australia,Australia/South Pacific,2011,16.966032876712326,Not EU
Australia,Australia/South Pacific,2012,16.80867213114752,Not EU
Australia,Australia/South Pacific,2013,17.43479692645447,Not EU
Australia,Australia/South Pacific,2014,17.491087912087888,Not EU
Australia,Australia/South Pacific,2015,17.257587912087892,Not EU
Australia,Australia/South Pacific,2016,17.448868653421652,Not EU
Australia,Australia/South Pacific,2017,17.475279605263193,Not EU
Australia,Australia/South Pacific,2018,17.368986149584458,Not EU
Austria,Europe,1995,10.139342465753428,EU
Austria,Europe,1996,8.709398907103827,EU
Austria,Europe,1997,9.823917808219178,EU
Austria,Europe,1998,10.743296398891966,EU
Austria,Europe,1999,10.530549450549454,EU
Austria,Europe,2000,11.532841530054634,EU
Austria,Europe,2001,10.457013698630146,EU
Austria,Europe,2002,11.0385595567867,EU
Austria,Europe,2003,10.830630136986294,EU
Austria,Europe,2004,10.334808743169395,EU
Austria,Europe,2005,10.167890410958908,EU
Austria,Europe,2006,10.686328767123285,EU
Austria,Europe,2007,11.671923076923084,EU
Austria,Europe,2008,11.439835616438366,EU
Austria,Europe,2009,10.98535714285714,EU
Austria,Europe,2010,9.583780821917808,EU
Austria,Europe,2011,10.711041095890414,EU
Austria,Europe,2012,11.061994535519123,EU
Austria,Europe,2013,10.792328767123292,EU
Austria,Europe,2014,11.86288461538461,EU
Austria,Europe,2015,11.929395604395605,EU
Austria,Europe,2016,11.171432506887058,EU
Austria,Europe,2017,11.30619178082192,EU
Austria,Europe,2018,12.104696132596677,EU
Belgium,Europe,1995,10.944876712328766,EU
Belgium,Europe,1996,8.995765027322404,EU
Belgium,Europe,1997,10.629041095890408,EU
Belgium,Europe,1998,10.721301939058165,EU
Belgium,Europe,1999,11.18118131868132,EU
Belgium,Europe,2000,11.286420765027326,EU
Belgium,Europe,2001,10.881917808219178,EU
Belgium,Europe,2002,11.296232686980616,EU
Belgium,Europe,2003,11.290739726027397,EU
Belgium,Europe,2004,10.905136612021856,EU
Belgium,Europe,2005,11.189068493150685,EU
Belgium,Europe,2006,11.142136986301367,EU
Belgium,Europe,2007,11.191538461538464,EU
Belgium,Europe,2008,10.594289617486334,EU
Belgium,Europe,2009,10.700494505494515,EU
Belgium,Europe,2010,9.353013698630136,EU
Belgium,Europe,2011,11.375369863013693,EU
Belgium,Europe,2012,10.420928961748631,EU
Belgium,Europe,2013,9.919808219178085,EU
Belgium,Europe,2014,11.73678571428571,EU
Belgium,Europe,2015,11.070302197802196,EU
Belgium,Europe,2016,10.867348066298344,EU
Belgium,Europe,2017,11.184876712328764,EU
Belgium,Europe,2018,11.698421052631586,EU
Brazil,South/Central America & Carribean,1995,22.12045662100457,Not EU
Brazil,South/Central America & Carribean,1996,21.858479052823277,Not EU
Brazil,South/Central America & Carribean,1997,21.9748688046647,Not EU
Brazil,South/Central America & Carribean,1998,22.613027806385144,Not EU
Brazil,South/Central America & Carribean,1999,21.880193370165742,Not EU
Brazil,South/Central America & Carribean,2000,22.31708675799084,Not EU
Brazil,South/Central America & Carribean,2001,22.684642857142855,Not EU
Brazil,South/Central America & Carribean,2002,22.79597209302327,Not EU
Brazil,South/Central America & Carribean,2003,22.132176308539915,Not EU
Brazil,South/Central America & Carribean,2004,21.942003642987274,Not EU
Brazil,South/Central America & Carribean,2005,21.928091324200913,Not EU
Brazil,South/Central America & Carribean,2006,21.63921461187217,Not EU
Brazil,South/Central America & Carribean,2007,21.80777472527472,Not EU
Brazil,South/Central America & Carribean,2008,21.311230486685055,Not EU
Brazil,South/Central America & Carribean,2009,21.92695054945056,Not EU
Brazil,South/Central America & Carribean,2010,22.444255707762554,Not EU
Brazil,South/Central America & Carribean,2011,21.744575342465772,Not EU
Brazil,South/Central America & Carribean,2012,22.31923497267759,Not EU
Brazil,South/Central America & Carribean,2013,22.26091324200913,Not EU
Brazil,South/Central America & Carribean,2014,22.946253443526196,Not EU
Brazil,South/Central America & Carribean,2015,22.615732600732613,Not EU
Brazil,South/Central America & Carribean,2016,22.36700736648251,Not EU
Brazil,South/Central America & Carribean,2017,22.30964383561647,Not EU
Brazil,South/Central America & Carribean,2018,22.025605920444054,Not EU
Bulgaria,Europe,1995,9.683150684931503,EU
Bulgaria,Europe,1997,9.322109589041094,EU
Bulgaria,Europe,1998,10.409584487534627,EU
Bulgaria,Europe,1999,10.561291208791202,EU
Bulgaria,Europe,2000,10.959918032786886,EU
Bulgaria,Europe,2001,10.402219178082197,EU
Bulgaria,Europe,2002,10.241218836565096,EU
Bulgaria,Europe,2003,10.095561643835621,EU
Bulgaria,Europe,2004,10.300109289617486,EU
Bulgaria,Europe,2005,9.522054794520548,EU
Bulgaria,Europe,2006,10.232328767123294,EU
Bulgaria,Europe,2007,11.968681318681321,EU
Bulgaria,Europe,2008,11.88635616438355,EU
Bulgaria,Europe,2009,11.47516483516485,EU
Bulgaria,Europe,2010,11.58936986301369,EU
Bulgaria,Europe,2011,10.808712328767122,EU
Bulgaria,Europe,2012,11.77953551912569,EU
Bulgaria,Europe,2013,11.935945205479454,EU
Bulgaria,Europe,2014,11.742307692307707,EU
Bulgaria,Europe,2015,11.872087912087906,EU
Bulgaria,Europe,2016,11.873756906077354,EU
Bulgaria,Europe,2017,11.474410958904116,EU
Bulgaria,Europe,2018,11.690387811634357,EU
Canada,North America,1995,5.556791780821919,Not EU
Canada,North America,1996,4.541683060109284,Not EU
Canada,North America,1997,5.552515068493158,Not EU
Canada,North America,1998,7.367759002770096,Not EU
Canada,North America,1999,6.9934038461538695,Not EU
Canada,North America,2000,5.640980016424861,Not EU
Canada,North America,2001,6.809939726027389,Not EU
Canada,North America,2002,5.764725761772845,Not EU
Canada,North America,2003,5.722003288572199,Not EU
Canada,North America,2004,5.666415300546442,Not EU
Canada,North America,2005,6.633837209302316,Not EU
Canada,North America,2006,7.1047616438356025,Not EU
Canada,North America,2007,6.0279631665750255,Not EU
Canada,North America,2008,5.6956845320744405,Not EU
Canada,North America,2009,5.432203902170927,Not EU
Canada,North America,2010,6.886675191815871,Not EU
Canada,North America,2011,6.273478791577661,Not EU
Canada,North America,2012,6.8978347057029525,Not EU
Canada,North America,2013,5.552112633181136,Not EU
Canada,North America,2014,2.1622590068159675,Not EU
Canada,North America,2015,3.619779951100245,Not EU
Canada,North America,2016,5.155532503457816,Not EU
Canada,North America,2017,4.420686813186812,Not EU
Canada,North America,2018,3.718902777777776,Not EU
China,Asia,1995,15.429145205479449,Not EU
China,Asia,1996,15.04937704918032,Not EU
China,Asia,1997,15.864307948860466,Not EU
China,Asia,1998,16.555848115299344,Not EU
China,Asia,1999,15.972549450549424,Not EU
China,Asia,2000,15.647326407873159,Not EU
China,Asia,2001,15.726169863013691,Not EU
China,Asia,2002,15.951219512195092,Not EU
China,Asia,2003,15.917613823368079,Not EU
China,Asia,2004,16.07320765027321,Not EU
China,Asia,2005,15.678142465753414,Not EU
China,Asia,2006,16.208657534246576,Not EU
China,Asia,2007,16.50996147495869,Not EU
China,Asia,2008,15.730983516483528,Not EU
China,Asia,2009,15.869070918086832,Not EU
China,Asia,2010,15.370739726027411,Not EU
China,Asia,2011,15.51826849315069,Not EU
China,Asia,2012,15.324311475409852,Not EU
China,Asia,2013,15.979484931506862,Not EU
China,Asia,2014,16.347526113249035,Not EU
China,Asia,2015,16.49382417582417,Not EU
China,Asia,2016,16.440281923714743,Not EU
China,Asia,2017,16.676158904109613,Not EU
China,Asia,2018,16.517807991121018,Not EU
Croatia,Europe,1996,11.210510510510513,EU
Croatia,Europe,1997,11.011888888888887,EU
Croatia,Europe,1998,11.305589887640453,EU
Croatia,Europe,1999,12.032011019283742,EU
Croatia,Europe,2000,13.252362637362657,EU
Croatia,Europe,2001,12.31210958904111,EU
Croatia,Europe,2002,12.641611111111123,EU
Croatia,Europe,2003,12.47734246575343,EU
Croatia,Europe,2004,11.69284153005464,EU
Croatia,Europe,2005,11.243369863013696,EU
Croatia,Europe,2006,12.345068493150688,EU
Croatia,Europe,2007,13.212829131652665,EU
Croatia,Europe,2008,12.900631868131883,EU
Croatia,Europe,2009,12.914752747252745,EU
Croatia,Europe,2010,11.787041095890409,EU
Croatia,Europe,2011,12.626328767123281,EU
Croatia,Europe,2012,13.090765027322403,EU
Croatia,Europe,2013,12.427616438356166,EU
Croatia,Europe,2014,13.456181318681317,EU
Croatia,Europe,2015,13.16945054945055,EU
Croatia,Europe,2016,12.684626038781158,EU
Croatia,Europe,2017,13.095643835616423,EU
Croatia,Europe,2018,13.6073537604457,EU
Cyprus,Europe,1995,18.329962121212127,EU
Cyprus,Europe,1996,20.941939799331095,EU
Cyprus,Europe,1997,17.458043478260862,EU
Cyprus,Europe,1998,21.842703703703698,EU
Cyprus,Europe,1999,18.776776315789466,EU
Cyprus,Europe,2000,22.670143884892074,EU
Cyprus,Europe,2001,19.983068493150686,EU
Cyprus,Europe,2002,19.669534050179216,EU
Cyprus,Europe,2003,14.512142857142857,EU
Cyprus,Europe,2004,22.751829787234062,EU
Cyprus,Europe,2005,19.127479452054796,EU
Cyprus,Europe,2006,19.07134246575343,EU
Cyprus,Europe,2007,19.5454189944134,EU
Cyprus,Europe,2008,20.031095890410963,EU
Cyprus,Europe,2009,20.57082031249999,EU
Cyprus,Europe,2010,32.28,EU
Czech Republic,Europe,1995,8.20375342465754,EU
Czech Republic,Europe,1996,6.39133879781421,EU
Czech Republic,Europe,1997,7.90915068493151,EU
Czech Republic,Europe,1998,8.76653739612188,EU
Czech Republic,Europe,1999,8.850631868131869,EU
Czech Republic,Europe,2000,9.490027322404373,EU
Czech Republic,Europe,2001,8.31698630136987,EU
Czech Republic,Europe,2002,9.022216066481993,EU
Czech Republic,Europe,2003,8.951232876712329,EU
Czech Republic,Europe,2004,8.538825136612019,EU
Czech Republic,Europe,2005,8.530082191780822,EU
Czech Republic,Europe,2006,9.07515068493151,EU
Czech Republic,Europe,2007,9.894148351648353,EU
Czech Republic,Europe,2008,9.369560439560441,EU
Czech Republic,Europe,2009,9.141208791208792,EU
Czech Republic,Europe,2010,7.770054794520546,EU
Czech Republic,Europe,2011,9.258849315068494,EU
Czech Republic,Europe,2012,9.067923497267762,EU
Czech Republic,Europe,2013,8.32999999999999,EU
Czech Republic,Europe,2014,9.958873626373627,EU
Czech Republic,Europe,2015,10.201730769230762,EU
Czech Republic,Europe,2016,9.476215469613257,EU
Czech Republic,Europe,2017,9.31358904109589,EU
Czech Republic,Europe,2018,10.559667590027704,EU
Denmark,Europe,1995,7.911671232876712,EU
Denmark,Europe,1996,6.3629508196721325,EU
Denmark,Europe,1997,8.377260273972604,EU
Denmark,Europe,1998,8.152576177285319,EU
Denmark,Europe,1999,8.709285714285711,EU
Denmark,Europe,2000,9.063770491803288,EU
Denmark,Europe,2001,8.153534246575337,EU
Denmark,Europe,2002,8.874210526315787,EU
Denmark,Europe,2003,8.39534246575343,EU
Denmark,Europe,2004,8.37062841530055,EU
Denmark,Europe,2005,8.397780821917808,EU
Denmark,Europe,2006,9.014986301369865,EU
Denmark,Europe,2007,9.218379120879124,EU
Denmark,Europe,2008,9.116174863387979,EU
Denmark,Europe,2009,8.61870879120879,EU
Denmark,Europe,2010,6.881369863013701,EU
Denmark,Europe,2011,8.745808219178079,EU
Denmark,Europe,2012,8.219562841530054,EU
Denmark,Europe,2013,8.278493150684938,EU
Denmark,Europe,2014,9.934368131868128,EU
Denmark,Europe,2015,9.097060439560442,EU
Denmark,Europe,2016,8.93773480662983,EU
Denmark,Europe,2017,8.863589041095889,EU
Denmark,Europe,2018,9.700055401662045,EU
Finland,Europe,1995,5.689972602739733,EU
Finland,Europe,1996,4.470300546448087,EU
Finland,Europe,1997,5.597315068493152,EU
Finland,Europe,1998,5.139279778393352,EU
Finland,Europe,1999,6.2658791208791165,EU
Finland,Europe,2000,6.964644808743173,EU
Finland,Europe,2001,5.562109589041097,EU
Finland,Europe,2002,5.739252077562322,EU
Finland,Europe,2003,5.216136986301368,EU
Finland,Europe,2004,5.394672131147539,EU
Finland,Europe,2005,5.935315068493152,EU
Finland,Europe,2006,6.216575342465752,EU
Finland,Europe,2007,6.432390109890111,EU
Finland,Europe,2008,7.01289617486339,EU
Finland,Europe,2009,5.580796703296704,EU
Finland,Europe,2010,4.505780821917807,EU
Finland,Europe,2011,6.784328767123293,EU
Finland,Europe,2012,5.28180327868852,EU
Finland,Europe,2013,6.466493150684934,EU
Finland,Europe,2014,6.72442307692307,EU
Finland,Europe,2015,7.1780769230769215,EU
Finland,Europe,2016,6.05765193370166,EU
Finland,Europe,2017,6.009506849315066,EU
Finland,Europe,2018,6.674238227146816,EU
France,Europe,1995,13.559752066115708,EU
France,Europe,1996,12.401942544459631,EU
France,Europe,1997,13.819301369863034,EU
France,Europe,1998,13.040879888268147,EU
France,Europe,1999,13.387390109890118,EU
France,Europe,2000,13.202322404371566,EU
France,Europe,2001,12.89569863013699,EU
France,Europe,2002,13.201980609418273,EU
France,Europe,2003,13.550479452054788,EU
France,Europe,2004,12.740000000000018,EU
France,Europe,2005,12.813401920438954,EU
France,Europe,2006,13.280602739726037,EU
France,Europe,2007,12.84924450549451,EU
France,Europe,2008,12.527325102880653,EU
France,Europe,2009,12.909546703296698,EU
France,Europe,2010,11.888506849315075,EU
France,Europe,2011,13.709260273972603,EU
France,Europe,2012,12.670901639344278,EU
France,Europe,2013,12.34379972565156,EU
France,Europe,2014,13.045892857142842,EU
France,Europe,2015,13.154574175824182,EU
France,Europe,2016,12.779296551724137,EU
France,Europe,2017,13.11813698630135,EU
France,Europe,2018,13.3218617771509,EU
Germany,Europe,1995,10.402098901098901,EU
Germany,Europe,1996,8.449676616915418,EU
Germany,Europe,1997,9.540566750629726,EU
Germany,Europe,1998,10.270863309352503,EU
Germany,Europe,1999,10.556302616609775,EU
Germany,Europe,2000,11.165399768250289,EU
Germany,Europe,2001,9.75784577723377,EU
Germany,Europe,2002,10.677068126520682,EU
Germany,Europe,2003,9.225746666666659,EU
Germany,Europe,2004,10.291315136476433,EU
Germany,Europe,2005,10.113260073260065,EU
Germany,Europe,2006,9.539375886524814,EU
Germany,Europe,2007,10.509578606158838,EU
Germany,Europe,2008,10.437056074766351,EU
Germany,Europe,2009,10.141159196290571,EU
Germany,Europe,2010,8.77297529538131,EU
Germany,Europe,2011,10.469533333333324,EU
Germany,Europe,2012,9.206393442622952,EU
Germany,Europe,2013,8.620986301369857,EU
Germany,Europe,2014,10.062747252747245,EU
Germany,Europe,2015,9.955302197802192,EU
Germany,Europe,2016,9.503259668508287,EU
Germany,Europe,2017,9.329643835616446,EU
Germany,Europe,2018,10.811623188405793,EU
Greece,Europe,1995,18.304027397260263,EU
Greece,Europe,1996,18.078661202185803,EU
Greece,Europe,1997,17.742082191780813,EU
Greece,Europe,1998,18.612348066298352,EU
Greece,Europe,1999,19.287115384615387,EU
Greece,Europe,2000,18.77877049180329,EU
Greece,Europe,2001,18.966739726027395,EU
Greece,Europe,2002,18.441717451523537,EU
Greece,Europe,2003,18.288246575342445,EU
Greece,Europe,2004,18.14147540983606,EU
Greece,Europe,2005,17.929753424657527,EU
Greece,Europe,2006,17.872975206611567,EU
Greece,Europe,2007,18.75900277008312,EU
Greece,Europe,2008,18.832939560439577,EU
Greece,Europe,2009,18.748787878787883,EU
Greece,Europe,2010,19.51599999999999,EU
Greece,Europe,2011,19.01210958904109,EU
Greece,Europe,2012,15.64528301886793,EU
Hungary,Europe,1995,10.151753424657533,EU
Hungary,Europe,1996,9.233005464480877,EU
Hungary,Europe,1997,10.214273972602731,EU
Hungary,Europe,1998,10.853314917127074,EU
Hungary,Europe,1999,10.360192307692303,EU
Hungary,Europe,2000,11.737295081967211,EU
Hungary,Europe,2001,10.799972602739734,EU
Hungary,Europe,2002,11.553407202216068,EU
Hungary,Europe,2003,10.96447802197802,EU
Hungary,Europe,2004,9.276065573770493,EU
Hungary,Europe,2005,9.084328767123285,EU
Hungary,Europe,2006,10.017479452054797,EU
Hungary,Europe,2007,11.8257967032967,EU
Hungary,Europe,2008,11.466821917808225,EU
Hungary,Europe,2009,11.388543956043963,EU
Hungary,Europe,2010,10.055397260273974,EU
Hungary,Europe,2011,10.853561643835615,EU
Hungary,Europe,2012,11.42306010928961,EU
Hungary,Europe,2013,11.276328767123289,EU
Hungary,Europe,2014,12.051098901098902,EU
Hungary,Europe,2015,12.00115384615384,EU
Hungary,Europe,2016,11.230441988950272,EU
Hungary,Europe,2017,11.233999999999996,EU
Hungary,Europe,2018,12.242991689750701,EU
India,Asia,1995,26.655099793530617,Not EU
India,Asia,1996,26.578518518518525,Not EU
India,Asia,1997,26.43839726027393,Not EU
India,Asia,1998,26.97095766828584,Not EU
India,Asia,1999,26.91021320495182,Not EU
India,Asia,2000,26.78275154004104,Not EU
India,Asia,2001,26.574482522275517,Not EU
India,Asia,2002,27.043435114503815,Not EU
India,Asia,2003,26.745921864290565,Not EU
India,Asia,2004,26.780218579234923,Not EU
India,Asia,2005,26.620753424657536,Not EU
India,Asia,2006,26.947479452054793,Not EU
India,Asia,2007,26.745279889426367,Not EU
India,Asia,2008,26.624471879286727,Not EU
India,Asia,2009,27.43197938144326,Not EU
India,Asia,2010,27.25117445054944,Not EU
India,Asia,2011,26.8166872852234,Not EU
India,Asia,2012,27.037404371584675,Not EU
India,Asia,2013,26.77740918437287,Not EU
India,Asia,2014,27.07754120879121,Not EU
India,Asia,2015,27.466311813186806,Not EU
India,Asia,2016,27.88644184445969,Not EU
India,Asia,2017,27.627688614540446,Not EU
India,Asia,2018,27.541936376210195,Not EU
Indonesia,Asia,1995,27.952315436241594,Not EU
Indonesia,Asia,1996,27.717037037037027,Not EU
Indonesia,Asia,1997,28.103037037037033,Not EU
Indonesia,Asia,1998,28.389479999999995,Not EU
Indonesia,Asia,1999,28.042091836734688,Not EU
Indonesia,Asia,2000,28.348615384615382,Not EU
Indonesia,Asia,2001,28.18375,Not EU
Indonesia,Asia,2002,29.70380952380952,Not EU
Indonesia,Asia,2003,29.139000000000003,Not EU
Indonesia,Asia,2004,29.324854368932044,Not EU
Indonesia,Asia,2005,28.933469387755103,Not EU
Indonesia,Asia,2006,29.17852713178295,Not EU
Indonesia,Asia,2007,28.477267441860498,Not EU
Indonesia,Asia,2008,28.411589595375744,Not EU
Indonesia,Asia,2009,28.653074712643665,Not EU
Indonesia,Asia,2010,28.49008287292817,Not EU
Indonesia,Asia,2011,28.645796703296682,Not EU
Indonesia,Asia,2012,28.703636363636345,Not EU
Indonesia,Asia,2013,28.438016528925626,Not EU
Indonesia,Asia,2014,28.593278236914603,Not EU
Indonesia,Asia,2015,28.533195592286493,Not EU
Indonesia,Asia,2016,28.65653739612189,Not EU
Indonesia,Asia,2017,28.603214285714284,Not EU
Indonesia,Asia,2018,28.650306406685235,Not EU
Ireland,Europe,1995,9.983342465753427,EU
Ireland,Europe,1996,9.004699453551908,EU
Ireland,Europe,1997,10.049534246575348,EU
Ireland,Europe,1998,9.927423822714683,EU
Ireland,Europe,1999,9.899587912087906,EU
Ireland,Europe,2000,9.412404371584703,EU
Ireland,Europe,2001,9.3814794520548,EU
Ireland,Europe,2002,9.976177285318567,EU
Ireland,Europe,2003,9.983561643835616,EU
Ireland,Europe,2004,9.934562841530056,EU
Ireland,Europe,2005,10.137123287671228,EU
Ireland,Europe,2006,10.271506849315067,EU
Ireland,Europe,2007,10.254490358126715,EU
Ireland,Europe,2008,9.543589041095888,EU
Ireland,Europe,2009,9.622362637362633,EU
Ireland,Europe,2010,8.484575342465764,EU
Ireland,Europe,2011,10.066027397260275,EU
Ireland,Europe,2012,9.447076502732243,EU
Ireland,Europe,2013,9.557726027397264,EU
Ireland,Europe,2014,10.137967032967037,EU
Ireland,Europe,2015,9.567390109890107,EU
Ireland,Europe,2016,9.885883977900548,EU
Ireland,Europe,2017,10.11610958904109,EU
Ireland,Europe,2018,9.953839779005524,EU
Italy,Europe,1995,13.427472527472549,EU
Italy,Europe,1996,13.239603825136621,EU
Italy,Europe,1997,14.21408219178082,EU
Italy,Europe,1998,14.118573407202234,EU
Italy,Europe,1999,14.338008241758251,EU
Italy,Europe,2000,14.46543091655266,EU
Italy,Europe,2001,14.208465753424658,EU
Italy,Europe,2002,14.08073407202215,EU
Italy,Europe,2003,14.64387671232878,EU
Italy,Europe,2004,13.787486338797807,EU
Italy,Europe,2005,13.46090410958903,EU
Italy,Europe,2006,14.020684931506853,EU
Italy,Europe,2007,14.297898351648353,EU
Italy,Europe,2008,14.33085164835166,EU
Italy,Europe,2009,14.505013736263745,EU
Italy,Europe,2010,13.764027397260264,EU
Italy,Europe,2011,14.60083561643836,EU
Italy,Europe,2012,14.479562841530043,EU
Italy,Europe,2013,14.276082191780798,EU
Italy,Europe,2014,15.05575549450548,EU
Italy,Europe,2015,14.810329670329658,EU
Italy,Europe,2016,14.97112947658403,EU
Italy,Europe,2017,14.93387671232877,EU
Italy,Europe,2018,15.560554016620493,EU
Japan,Asia,1995,13.068648401826492,Not EU
Japan,Asia,1996,12.468105646630235,Not EU
Japan,Asia,1997,13.299543378995432,Not EU
Japan,Asia,1998,13.624051565377547,Not EU
Japan,Asia,1999,13.65911172161173,Not EU
Japan,Asia,2000,13.267094717668469,Not EU
Japan,Asia,2001,12.718557077625569,Not EU
Japan,Asia,2002,13.218734995383192,Not EU
Japan,Asia,2003,12.888666666666687,Not EU
Japan,Asia,2004,13.981912568306031,Not EU
Japan,Asia,2005,13.050986301369875,Not EU
Japan,Asia,2006,13.462739726027404,Not EU
Japan,Asia,2007,14.083287545787558,Not EU
Japan,Asia,2008,13.712680695333956,Not EU
Japan,Asia,2009,13.834853479853487,Not EU
Japan,Asia,2010,14.133872146118716,Not EU
Japan,Asia,2011,13.664730593607306,Not EU
Japan,Asia,2012,13.417295081967215,Not EU
Japan,Asia,2013,13.935077625570779,Not EU
Japan,Asia,2014,13.664120879120876,Not EU
Japan,Asia,2015,14.339670329670339,Not EU
Japan,Asia,2016,14.225769585253447,Not EU
Japan,Asia,2017,13.690575342465756,Not EU
Japan,Asia,2018,14.421543438077661,Not EU
Latvia,Europe,1995,7.232582417582421,EU
Latvia,Europe,1996,5.549289617486337,EU
Latvia,Europe,1997,7.50087671232877,EU
Latvia,Europe,1998,5.797147435897437,EU
Latvia,Europe,1999,8.311208791208788,EU
Latvia,Europe,2000,8.687178082191775,EU
Latvia,Europe,2001,7.761726027397257,EU
Latvia,Europe,2002,8.171163434903045,EU
Latvia,Europe,2003,7.5957260273972675,EU
Latvia,Europe,2004,7.31844262295082,EU
Latvia,Europe,2005,7.282438356164382,EU
Latvia,Europe,2006,7.594410958904113,EU
Latvia,Europe,2007,7.827499999999993,EU
Latvia,Europe,2008,8.068324175824179,EU
Latvia,Europe,2009,7.022829670329675,EU
Latvia,Europe,2010,5.922191780821911,EU
Latvia,Europe,2011,7.489506849315075,EU
Latvia,Europe,2012,6.404972677595629,EU
Latvia,Europe,2013,7.304164383561647,EU
Latvia,Europe,2014,7.844148351648355,EU
Latvia,Europe,2015,8.268434065934072,EU
Latvia,Europe,2016,7.656914600550967,EU
Latvia,Europe,2017,7.311616438356172,EU
Latvia,Europe,2018,8.148176795580113,EU
Mexico,North America,1995,21.31209876543213,Not EU
Mexico,North America,1996,20.723262711864386,Not EU
Mexico,North America,1997,20.2472148541114,Not EU
Mexico,North America,1998,21.71918620689657,Not EU
Mexico,North America,1999,20.797987355110653,Not EU
Mexico,North America,2000,20.533129388164483,Not EU
Mexico,North America,2001,20.421464646464653,Not EU
Mexico,North America,2002,20.5347225501771,Not EU
Mexico,North America,2003,20.455360824742243,Not EU
Mexico,North America,2004,20.248959227467815,Not EU
Mexico,North America,2005,21.00040862656072,Not EU
Mexico,North America,2006,20.7447748815166,Not EU
Mexico,North America,2007,20.243367463026175,Not EU
Mexico,North America,2008,20.400798898071642,Not EU
Mexico,North America,2009,21.131881868131867,Not EU
Mexico,North America,2010,20.278047945205483,Not EU
Mexico,North America,2011,21.10687977099238,Not EU
Mexico,North America,2012,20.892384105960268,Not EU
Mexico,North America,2013,20.51375478927206,Not EU
Mexico,North America,2014,20.059922928709046,Not EU
Mexico,North America,2015,20.161661721068242,Not EU
Mexico,North America,2016,20.454342359767907,Not EU
Mexico,North America,2017,20.51735211267609,Not EU
Mexico,North America,2018,19.983311132255,Not EU
Poland,Europe,1995,8.282273972602738,EU
Poland,Europe,1996,6.88475409836066,EU
Poland,Europe,1997,7.91906849315068,EU
Poland,Europe,1998,8.333628808864265,EU
Poland,Europe,1999,9.140851648351653,EU
Poland,Europe,2000,9.651830601092893,EU
Poland,Europe,2001,8.388246575342468,EU
Poland,Europe,2002,9.20581717451523,EU
Poland,Europe,2003,8.371287671232873,EU
Poland,Europe,2004,8.465628415300545,EU
Poland,Europe,2005,8.667369863013704,EU
Poland,Europe,2006,9.046164383561644,EU
Poland,Europe,2007,9.737087912087913,EU
Poland,Europe,2008,9.840906593406588,EU
Poland,Europe,2009,8.800219780219784,EU
Poland,Europe,2010,7.964356164383563,EU
Poland,Europe,2011,9.093616438356163,EU
Poland,Europe,2012,8.699590163934422,EU
Poland,Europe,2013,8.895643835616442,EU
Poland,Europe,2014,9.784862637362627,EU
Poland,Europe,2015,10.55321428571429,EU
Poland,Europe,2016,9.92533149171271,EU
Poland,Europe,2017,9.559068493150683,EU
Poland,Europe,2018,10.720997229916895,EU
Portugal,Europe,1995,17.995205479452057,EU
Portugal,Europe,1996,17.136885245901624,EU
Portugal,Europe,1997,18.22250000000001,EU
Portugal,Europe,1998,17.637214484679674,EU
Portugal,Europe,1999,17.372644628099184,EU
Portugal,Europe,2000,16.82032786885247,EU
Portugal,Europe,2001,16.788465753424664,EU
Portugal,Europe,2002,16.844792243767312,EU
Portugal,Europe,2003,17.254767123287667,EU
Portugal,Europe,2004,17.03076712328767,EU
Portugal,Europe,2005,17.07609890109889,EU
Portugal,Europe,2006,17.49892857142859,EU
Portugal,Europe,2007,16.913287292817675,EU
Portugal,Europe,2008,16.846383561643847,EU
Portugal,Europe,2009,17.822554945054943,EU
Portugal,Europe,2010,17.322356164383567,EU
Portugal,Europe,2011,17.407252747252752,EU
Portugal,Europe,2012,16.138328767123276,EU
Portugal,Europe,2013,16.32826446280992,EU
Portugal,Europe,2014,16.545027472527472,EU
Portugal,Europe,2015,16.733057851239668,EU
Portugal,Europe,2016,16.79607734806629,EU
Portugal,Europe,2017,17.127863013698633,EU
Portugal,Europe,2018,16.30335180055401,EU
Romania,Europe,1995,10.560383561643826,EU
Romania,Europe,1996,10.24191256830601,EU
Romania,Europe,1997,10.192493150684939,EU
Romania,Europe,1998,11.027486187845296,EU
Romania,Europe,1999,11.842500000000003,EU
Romania,Europe,2000,12.12666666666667,EU
Romania,Europe,2001,11.660164383561641,EU
Romania,Europe,2002,11.576897506925206,EU
Romania,Europe,2003,11.077802197802194,EU
Romania,Europe,2004,11.065874316939887,EU
Romania,Europe,2005,10.828438356164387,EU
Romania,Europe,2006,11.360958904109589,EU
Romania,Europe,2007,12.624203296703294,EU
Romania,Europe,2008,12.008873626373628,EU
Romania,Europe,2009,12.097032967032971,EU
Romania,Europe,2010,11.547452054794517,EU
Romania,Europe,2011,11.12780821917809,EU
Romania,Europe,2012,12.088005464480878,EU
Romania,Europe,2013,11.999013698630131,EU
Romania,Europe,2014,11.793571428571438,EU
Romania,Europe,2015,12.517335164835178,EU
Romania,Europe,2016,12.056795580110494,EU
Romania,Europe,2017,11.888547945205485,EU
Romania,Europe,2018,12.517845303867393,EU
Russia,Europe,1995,9.34027624309393,Not EU
Russia,Europe,1996,9.011260273972601,Not EU
Russia,Europe,1997,8.568397260273969,Not EU
Russia,Europe,1998,9.11692520775623,Not EU
Russia,Europe,1999,9.728241758241765,Not EU
Russia,Europe,2000,9.452404371584702,Not EU
Russia,Europe,2001,9.202260273972602,Not EU
Russia,Europe,2002,8.598795013850415,Not EU
Russia,Europe,2003,8.82365740740741,Not EU
Russia,Europe,2004,5.271639344262294,Not EU
Russia,Europe,2005,5.6075068493150715,Not EU
Russia,Europe,2006,4.990575342465756,Not EU
Russia,Europe,2007,6.609450549450547,Not EU
Russia,Europe,2008,6.765769230769231,Not EU
Russia,Europe,2009,5.843791208791206,Not EU
Russia,Europe,2010,6.366630136986303,Not EU
Russia,Europe,2011,6.345534246575341,Not EU
Russia,Europe,2012,5.348633879781424,Not EU
Russia,Europe,2013,6.292410958904103,Not EU
Russia,Europe,2014,6.504835164835163,Not EU
Russia,Europe,2015,7.025494505494514,Not EU
Russia,Europe,2016,6.186740331491716,Not EU
Russia,Europe,2017,5.81712328767123,Not EU
Russia,Europe,2018,6.160333333333334,Not EU
Saudi Arabia,Middle East,1995,25.855301369863003,Not EU
Saudi Arabia,Middle East,1996,26.416401098901094,Not EU
Saudi Arabia,Middle East,1997,25.784109589041083,Not EU
Saudi Arabia,Middle East,1998,27.068047091412758,Not EU
Saudi Arabia,Middle East,1999,27.216002747252713,Not EU
Saudi Arabia,Middle East,2000,26.62648907103825,Not EU
Saudi Arabia,Middle East,2001,26.821769547325108,Not EU
Saudi Arabia,Middle East,2002,26.471966759002736,Not EU
Saudi Arabia,Middle East,2003,26.647764060356653,Not EU
Saudi Arabia,Middle East,2004,26.411434426229512,Not EU
Saudi Arabia,Middle East,2005,26.46736986301374,Not EU
Saudi Arabia,Middle East,2006,26.911616438356162,Not EU
Saudi Arabia,Middle East,2007,27.0869093406593,Not EU
Saudi Arabia,Middle East,2008,26.85740384615383,Not EU
Saudi Arabia,Middle East,2009,27.23796703296707,Not EU
Saudi Arabia,Middle East,2010,27.42730136986307,Not EU
Saudi Arabia,Middle East,2011,26.468337912087957,Not EU
Saudi Arabia,Middle East,2012,26.78161379310345,Not EU
Saudi Arabia,Middle East,2013,26.55115068493151,Not EU
Saudi Arabia,Middle East,2014,27.044627071823246,Not EU
Saudi Arabia,Middle East,2015,28.071891117478543,Not EU
Saudi Arabia,Middle East,2016,27.07672651933703,Not EU
Saudi Arabia,Middle East,2017,27.457362637362635,Not EU
Saudi Arabia,Middle East,2018,27.804805555555536,Not EU
Slovakia,Europe,1995,10.355232876712337,EU
Slovakia,Europe,1996,9.091748633879787,EU
Slovakia,Europe,1997,10.055698630136988,EU
Slovakia,Europe,1998,11.007166666666677,EU
Slovakia,Europe,1999,10.8328021978022,EU
Slovakia,Europe,2000,11.778688524590171,EU
Slovakia,Europe,2001,10.622219178082197,EU
Slovakia,Europe,2002,11.321329639889198,EU
Slovakia,Europe,2003,11.258484848484851,EU
Slovakia,Europe,2004,10.5412568306011,EU
Slovakia,Europe,2005,10.385726027397256,EU
Slovakia,Europe,2006,11.004136986301368,EU
Slovakia,Europe,2007,11.93346153846153,EU
Slovakia,Europe,2008,11.724027397260283,EU
Slovakia,Europe,2009,11.237335164835159,EU
Slovakia,Europe,2010,10.029726027397267,EU
Slovakia,Europe,2011,11.105397260273978,EU
Slovakia,Europe,2012,11.602185792349724,EU
Slovakia,Europe,2013,11.21186301369863,EU
Slovakia,Europe,2014,12.195659340659349,EU
Slovakia,Europe,2015,12.028763736263741,EU
Slovakia,Europe,2016,11.309198895027624,EU
Slovakia,Europe,2017,11.510547945205476,EU
Slovakia,Europe,2018,12.362105263157888,EU
South Africa,Africa,1995,16.299452054794532,Not EU
South Africa,Africa,1996,15.877868852459008,Not EU
South Africa,Africa,1997,16.528465753424655,Not EU
South Africa,Africa,1998,16.58808864265929,Not EU
South Africa,Africa,1999,17.295274725274723,Not EU
South Africa,Africa,2000,17.01019125683059,Not EU
South Africa,Africa,2001,16.74709589041097,Not EU
South Africa,Africa,2002,16.591024930747928,Not EU
South Africa,Africa,2003,16.754890109890113,Not EU
South Africa,Africa,2004,17.040163934426236,Not EU
South Africa,Africa,2005,16.720273972602747,Not EU
South Africa,Africa,2006,16.906000000000013,Not EU
South Africa,Africa,2007,16.978429752066123,Not EU
South Africa,Africa,2008,16.982609890109885,Not EU
South Africa,Africa,2009,17.357637362637362,Not EU
South Africa,Africa,2010,17.090602739726048,Not EU
South Africa,Africa,2011,16.926904109589028,Not EU
South Africa,Africa,2012,17.009153005464483,Not EU
South Africa,Africa,2013,17.056383561643827,Not EU
South Africa,Africa,2014,17.38766483516483,Not EU
South Africa,Africa,2015,17.184738292011033,Not EU
South Africa,Africa,2016,17.42588397790055,Not EU
South Africa,Africa,2017,17.02553424657534,Not EU
South Africa,Africa,2018,17.122638888888886,Not EU
South Korea,Asia,1995,10.974109589041104,Not EU
South Korea,Asia,1996,10.907896174863394,Not EU
South Korea,Asia,1997,11.44586301369864,Not EU
South Korea,Asia,1998,12.674834254143637,Not EU
South Korea,Asia,1999,12.10255494505494,Not EU
South Korea,Asia,2000,11.319808743169402,Not EU
South Korea,Asia,2001,11.356593406593406,Not EU
South Korea,Asia,2002,11.711357340720221,Not EU
South Korea,Asia,2003,11.746438356164365,Not EU
South Korea,Asia,2004,12.68934426229508,Not EU
South Korea,Asia,2005,11.274438356164387,Not EU
South Korea,Asia,2006,12.234356164383573,Not EU
South Korea,Asia,2007,12.26471074380165,Not EU
South Korea,Asia,2008,12.187967032967041,Not EU
South Korea,Asia,2009,12.081016483516478,Not EU
South Korea,Asia,2010,11.714328767123286,Not EU
South Korea,Asia,2011,11.458630136986297,Not EU
South Korea,Asia,2012,11.515355191256829,Not EU
South Korea,Asia,2013,11.726630136986289,Not EU
South Korea,Asia,2014,12.549972527472525,Not EU
South Korea,Asia,2015,12.881813186813194,Not EU
South Korea,Asia,2016,13.03618784530386,Not EU
South Korea,Asia,2017,12.297589041095884,Not EU
South Korea,Asia,2018,12.358027777777778,Not EU
Spain,Europe,1995,15.840648401826465,EU
Spain,Europe,1996,15.067422586520935,EU
Spain,Europe,1997,16.014082191780815,EU
Spain,Europe,1998,15.36849492151428,EU
Spain,Europe,1999,15.201071428571442,EU
Spain,Europe,2000,14.82425318761386,EU
Spain,Europe,2001,14.785470319634719,EU
Spain,Europe,2002,15.27527239150505,EU
Spain,Europe,2003,16.391106032906794,EU
Spain,Europe,2004,15.668397085610202,EU
Spain,Europe,2005,15.757698630136984,EU
Spain,Europe,2006,16.01173515981737,EU
Spain,Europe,2007,14.706703296703276,EU
Spain,Europe,2008,14.943946886446843,EU
Spain,Europe,2009,15.681364468864494,EU
Spain,Europe,2010,14.877936073059365,EU
Spain,Europe,2011,16.110639269406413,EU
Spain,Europe,2012,15.636129326047364,EU
Spain,Europe,2013,15.35467579908679,EU
Spain,Europe,2014,16.37653846153844,EU
Spain,Europe,2015,16.15098901098899,EU
Spain,Europe,2016,15.907430939226494,EU
Spain,Europe,2017,15.95808219178083,EU
Spain,Europe,2018,15.800681399631676,EU
Sweden,Europe,1995,6.972602739726026,EU
Sweden,Europe,1996,6.296448087431699,EU
Sweden,Europe,1997,7.393534246575341,EU
Sweden,Europe,1998,6.698555555555558,EU
Sweden,Europe,1999,8.381675824175819,EU
Sweden,Europe,2000,8.488032786885245,EU
Sweden,Europe,2001,7.629698630136978,EU
Sweden,Europe,2002,8.106333333333337,EU
Sweden,Europe,2003,7.822341597796138,EU
Sweden,Europe,2004,7.248524590163937,EU
Sweden,Europe,2005,7.572630136986303,EU
Sweden,Europe,2006,8.093698630136991,EU
Sweden,Europe,2007,7.941593406593411,EU
Sweden,Europe,2008,8.260109589041098,EU
Sweden,Europe,2009,7.344038461538464,EU
Sweden,Europe,2010,5.578164383561645,EU
Sweden,Europe,2011,8.117150684931497,EU
Sweden,Europe,2012,6.818934426229507,EU
Sweden,Europe,2013,7.322575342465748,EU
Sweden,Europe,2014,8.367884615384613,EU
Sweden,Europe,2015,8.096098901098902,EU
Sweden,Europe,2016,7.709281767955798,EU
Sweden,Europe,2017,7.483589041095883,EU
Sweden,Europe,2018,8.37096952908588,EU
The Netherlands,Europe,1995,10.495917808219177,EU
The Netherlands,Europe,1996,8.582759562841524,EU
The Netherlands,Europe,1997,10.271123287671236,EU
The Netherlands,Europe,1998,10.623656509695287,EU
The Netherlands,Europe,1999,11.142829670329675,EU
The Netherlands,Europe,2000,11.02150273224043,EU
The Netherlands,Europe,2001,10.64065753424658,EU
The Netherlands,Europe,2002,10.890027700831027,EU
The Netherlands,Europe,2003,10.706027397260272,EU
The Netherlands,Europe,2004,10.710519125683067,EU
The Netherlands,Europe,2005,10.971397260273982,EU
The Netherlands,Europe,2006,11.35676712328767,EU
The Netherlands,Europe,2007,11.444093406593401,EU
The Netherlands,Europe,2008,10.826657534246573,EU
The Netherlands,Europe,2009,10.727060439560441,EU
The Netherlands,Europe,2010,9.228657534246576,EU
The Netherlands,Europe,2011,11.045589041095887,EU
The Netherlands,Europe,2012,10.404562841530053,EU
The Netherlands,Europe,2013,9.962684931506855,EU
The Netherlands,Europe,2014,11.849917582417582,EU
The Netherlands,Europe,2015,11.037087912087912,EU
The Netherlands,Europe,2016,11.004419889502758,EU
The Netherlands,Europe,2017,11.172410958904116,EU
The Netherlands,Europe,2018,11.582055555555556,EU
Turkey,Middle East,1995,12.440863013698642,Not EU
Turkey,Middle East,1996,12.302909836065586,Not EU
Turkey,Middle East,1997,11.560986301369848,Not EU
Turkey,Middle East,1998,13.135387811634349,Not EU
Turkey,Middle East,1999,13.345068681318665,Not EU
Turkey,Middle East,2000,12.369685792349728,Not EU
Turkey,Middle East,2001,13.741726027397249,Not EU
Turkey,Middle East,2002,12.698379501385054,Not EU
Turkey,Middle East,2003,12.699615912208518,Not EU
Turkey,Middle East,2004,12.51609289617486,Not EU
Turkey,Middle East,2005,12.682547945205467,Not EU
Turkey,Middle East,2006,12.676821917808224,Not EU
Turkey,Middle East,2007,13.755027472527471,Not EU
Turkey,Middle East,2008,13.191881868131869,Not EU
Turkey,Middle East,2009,13.4384478021978,Not EU
Turkey,Middle East,2010,14.421150684931492,Not EU
Turkey,Middle East,2011,12.36575342465754,Not EU
Turkey,Middle East,2012,13.503046448087431,Not EU
Turkey,Middle East,2013,13.663082191780825,Not EU
Turkey,Middle East,2014,14.322046703296712,Not EU
Turkey,Middle East,2015,13.695425824175826,Not EU
Turkey,Middle East,2016,13.859406077348071,Not EU
Turkey,Middle East,2017,13.493315068493139,Not EU
Turkey,Middle East,2018,14.86961272475799,Not EU
US,North America,1995,13.447818721171373,Not EU
US,North America,1996,12.645650804149614,Not EU
US,North America,1997,12.991416598107872,Not EU
US,North America,1998,14.49727602548289,Not EU
US,North America,1999,13.949521665148437,Not EU
US,North America,2000,13.402687809881913,Not EU
US,North America,2001,13.808181475387153,Not EU
US,North America,2002,13.679871247614251,Not EU
US,North America,2003,13.459208070530993,Not EU
US,North America,2004,13.570565300808319,Not EU
US,North America,2005,13.863339207048456,Not EU
US,North America,2006,14.300562285082501,Not EU
US,North America,2007,13.94458345665692,Not EU
US,North America,2008,13.315323572984688,Not EU
US,North America,2009,13.266815539387933,Not EU
US,North America,2010,13.77246720853975,Not EU
US,North America,2011,13.932648304330781,Not EU
US,North America,2012,14.821051959113895,Not EU
US,North America,2013,13.315673915758264,Not EU
US,North America,2014,13.161012678629131,Not EU
US,North America,2015,14.190035105944842,Not EU
US,North America,2016,14.620133071358344,Not EU
US,North America,2017,14.41299786902569,Not EU
US,North America,2018,13.910649834362944,Not EU
United Kingdom,Europe,1995,11.889437585733875,Not EU
United Kingdom,Europe,1996,10.996798905608756,Not EU
United Kingdom,Europe,1997,11.485500685871056,Not EU
United Kingdom,Europe,1998,10.986329639889195,Not EU
United Kingdom,Europe,1999,11.170261707988983,Not EU
United Kingdom,Europe,2000,10.798917808219176,Not EU
United Kingdom,Europe,2001,10.590137174211248,Not EU
United Kingdom,Europe,2002,11.032219140083217,Not EU
United Kingdom,Europe,2003,11.019230769230763,Not EU
United Kingdom,Europe,2004,10.803474692202466,Not EU
United Kingdom,Europe,2005,10.7612208504801,Not EU
United Kingdom,Europe,2006,10.809876543209878,Not EU
United Kingdom,Europe,2007,10.981375515818433,Not EU
United Kingdom,Europe,2008,10.405788751714667,Not EU
United Kingdom,Europe,2009,10.583603851444293,Not EU
United Kingdom,Europe,2010,10.111141678129295,Not EU
United Kingdom,Europe,2011,11.416735253772297,Not EU
United Kingdom,Europe,2012,10.651143250688698,Not EU
United Kingdom,Europe,2013,10.665102880658443,Not EU
United Kingdom,Europe,2014,11.86056396148556,Not EU
United Kingdom,Europe,2015,11.166574965612112,Not EU
United Kingdom,Europe,2016,11.235228215767638,Not EU
United Kingdom,Europe,2017,11.450945205479437,Not EU
United Kingdom,Europe,2018,11.213439667128977,Not EU
